Handle,Title,Body (HTML),Vendor,Product Category,Type,Tags,Published,Option1 Name,Option1 Value,Option1 Linked To,Option2 Name,Option2 Value,Option2 Linked To,Option3 Name,Option3 Value,Option3 Linked To,Variant SKU,Variant Grams,Variant Inventory Tracker,Variant Inventory Qty,Variant Inventory Policy,Variant Fulfillment Service,Variant Price,Variant Compare At Price,Variant Requires Shipping,Variant Taxable,Unit Price Total Measure,Unit Price Total Measure Unit,Unit Price Base Measure,Unit Price Base Measure Unit,Variant Barcode,Image Src,Image Position,Image Alt Text,Gift Card,SEO Title,SEO Description,Google Shopping / Google Product Category,Google Shopping / Gender,Google Shopping / Age Group,Google Shopping / MPN,Google Shopping / Condition,Google Shopping / Custom Product,Google Shopping / Custom Label 0,Google Shopping / Custom Label 1,Google Shopping / Custom Label 2,Google Shopping / Custom Label 3,Google Shopping / Custom Label 4,    Compare Price USD (product.metafields.custom.compare_price_usd),Dollar Amount (product.metafields.custom.dollar_amount),product name (product.metafields.custom.product_name),product type (product.metafields.custom.product_type),Google: Custom Product (product.metafields.mm-google-shopping.custom_product),Language version (product.metafields.shopify.language-version),License type (product.metafields.shopify.license-type),MPAA rating (product.metafields.shopify.mpaa-rating),Operating system (product.metafields.shopify.operating-system),Software features (product.metafields.shopify.software-features),Target audience (product.metafields.shopify.target-audience),User type (product.metafields.shopify.user-type),Complementary products (product.metafields.shopify--discovery--product_recommendation.complementary_products),Related products (product.metafields.shopify--discovery--product_recommendation.related_products),Related products settings (product.metafields.shopify--discovery--product_recommendation.related_products_display),Search product boosts (product.metafields.shopify--discovery--product_search_boost.queries),Variant Image,Variant Weight Unit,Variant Tax Code,Cost per item,Status
premium-footage-50-clips,Premium Footage 50+ Clips,"<p>This pack includes<span> <strong>50+</strong></span><strong> Premium, hand-picked S-Log3 clips filmed in XAVC S-I 4K, 10 bit 4:2:2. </strong>Perfect for color grading practice. </p>
<p>Every clip has been <strong>trimmed to the exact in/out points I used in my edits</strong> — so you’re getting only the best moments. No scrubbing. No re-encoding. Just clean, production-ready footage.</p>
<p>This footage is <span class=""s1""><b>not for commercial use</b></span>. It is provided solely for <span class=""s1""><b>personal, educational, and color-grading practice</b></span>purposes. Redistribution, resale, or inclusion in paid client work is strictly prohibited.</p>",KW PAX,Media > Videos > Digital Downloads,"","",true,Title,Default Title,,,,,,,,,0.0,,0,deny,manual,315.00,,false,true,,,,,"",https://cdn.shopify.com/s/files/1/0702/9915/6554/files/4_e6c15785-93a4-450b-bc9b-9a55dd0db05f.png?v=1776111751,1,"",false,,,,,,,,,,,,,,,$20,PREMIUM FOOTAGE BUNDLE,Bundle,,eng-english,,nr,,,adults; suitable-for-all-ages,,epic-titles; film-frame-transitions; the-candy-lut; the-goat-lut,"",ahead,,,kg,,,active
premium-footage-50-clips,,,,,,,,,,,,,,,,,,,,,,,,,,,,,,,,https://cdn.shopify.com/s/files/1/0702/9915/6554/files/B592C7FE-067D-4C93-A818-418C6CB0EF1D.jpg?v=1776111877,2,"",,,,,,,,,,,,,,,,,,,,,,,,,,,,,,,,,,,
premium-footage-50-clips,,,,,,,,,,,,,,,,,,,,,,,,,,,,,,,,https://cdn.shopify.com/s/files/1/0702/9915/6554/files/58BD8FE9-3D91-4F64-865B-F4460A31C850.jpg?v=1776111877,3,"",,,,,,,,,,,,,,,,,,,,,,,,,,,,,,,,,,,
premium-footage-50-clips,,,,,,,,,,,,,,,,,,,,,,,,,,,,,,,,https://cdn.shopify.com/s/files/1/0702/9915/6554/files/A9ACF3C3-F10B-4083-8420-0AB69E394B13.jpg?v=1776111877,4,"",,,,,,,,,,,,,,,,,,,,,,,,,,,,,,,,,,,
premium-footage-50-clips,,,,,,,,,,,,,,,,,,,,,,,,,,,,,,,,https://cdn.shopify.com/s/files/1/0702/9915/6554/files/D1208380-02BF-4837-90F5-DCDF0BBD5D58.jpg?v=1776111877,5,"",,,,,,,,,,,,,,,,,,,,,,,,,,,,,,,,,,,
premium-footage-50-clips,,,,,,,,,,,,,,,,,,,,,,,,,,,,,,,,https://cdn.shopify.com/s/files/1/0702/9915/6554/files/904CDCE2-3E56-48B5-A10E-36AE10BAE642.jpg?v=1776111877,6,"",,,,,,,,,,,,,,,,,,,,,,,,,,,,,,,,,,,
premium-footage-50-clips,,,,,,,,,,,,,,,,,,,,,,,,,,,,,,,,https://cdn.shopify.com/s/files/1/0702/9915/6554/files/C2140699-DB48-4F9C-9193-D6B448B23E51.jpg?v=1776111877,7,"",,,,,,,,,,,,,,,,,,,,,,,,,,,,,,,,,,,
premium-footage-50-clips,,,,,,,,,,,,,,,,,,,,,,,,,,,,,,,,https://cdn.shopify.com/s/files/1/0702/9915/6554/files/CA8550A3-1754-45A2-ACF2-0FC4F5B348FC.jpg?v=1776111877,8,"",,,,,,,,,,,,,,,,,,,,,,,,,,,,,,,,,,,
premium-footage-50-clips,,,,,,,,,,,,,,,,,,,,,,,,,,,,,,,,https://cdn.shopify.com/s/files/1/0702/9915/6554/files/FF9649F6-B690-403C-9939-7B6CBF77FEDF.jpg?v=1776111877,9,"",,,,,,,,,,,,,,,,,,,,,,,,,,,,,,,,,,,
premium-footage-50-clips,,,,,,,,,,,,,,,,,,,,,,,,,,,,,,,,https://cdn.shopify.com/s/files/1/0702/9915/6554/files/DE788955-A802-4657-99A2-23BB2CF1BE42.jpg?v=1776111877,10,"",,,,,,,,,,,,,,,,,,,,,,,,,,,,,,,,,,,
premium-footage-50-clips,,,,,,,,,,,,,,,,,,,,,,,,,,,,,,,,https://cdn.shopify.com/s/files/1/0702/9915/6554/files/794116BC-2F5A-49BB-B6AD-400A84D2BCE8.jpg?v=1776111877,11,"",,,,,,,,,,,,,,,,,,,,,,,,,,,,,,,,,,,
premium-footage-50-clips,,,,,,,,,,,,,,,,,,,,,,,,,,,,,,,,https://cdn.shopify.com/s/files/1/0702/9915/6554/files/CC5C132A-5F75-4C54-A631-D527D4C6E6A3.jpg?v=1776111877,12,"",,,,,,,,,,,,,,,,,,,,,,,,,,,,,,,,,,,
premium-footage-50-clips,,,,,,,,,,,,,,,,,,,,,,,,,,,,,,,,https://cdn.shopify.com/s/files/1/0702/9915/6554/files/359AFE2A-4937-4E14-87EB-40E4BF13B104.jpg?v=1776111877,13,"",,,,,,,,,,,,,,,,,,,,,,,,,,,,,,,,,,,
premium-footage-50-clips,,,,,,,,,,,,,,,,,,,,,,,,,,,,,,,,https://cdn.shopify.com/s/files/1/0702/9915/6554/files/07D4F851-98B2-4F9F-AA9B-608E7FC190ED.jpg?v=1776111877,14,"",,,,,,,,,,,,,,,,,,,,,,,,,,,,,,,,,,,
premium-footage-50-clips,,,,,,,,,,,,,,,,,,,,,,,,,,,,,,,,https://cdn.shopify.com/s/files/1/0702/9915/6554/files/73984D29-7BD8-48A3-936D-7DBCD15A47CB.jpg?v=1776111877,15,"",,,,,,,,,,,,,,,,,,,,,,,,,,,,,,,,,,,
the-creator-bundle,The Creator Bundle,"<p class=""p1"">The <strong>Creator Bundle</strong> is our best-value pack, built for filmmakers and content creators who want maximum creative flexibility in <strong>one complete toolkit.</strong></p>
<p class=""p1"">This bundle gives you a powerful, <strong>end-to-end toolkit</strong> that covers everything from color and motion, to typography and visual emphasis, all in one place.</p>
<p class=""p1"">If you want to move fast, stay consistent, and keep your edits looking intentional, then this is it!</p>",KW PAX,Software > Computer Software > Multimedia & Design Software > Video Editing Software,"","",true,Title,Default Title,,,,,,,,,0.0,,-4,deny,manual,1182.00,2061.00,false,false,,,,,"",https://cdn.shopify.com/s/files/1/0702/9915/6554/files/1.png?v=1776111621,1,"",false,Creator Bundle - Complete Video Editing Toolkit LUTs & Effects Pack,"Complete bundle of Signature LUTs, transitions, overlays and titles for filmmakers. Designed to upgrade your entire editing workflow instantly.",,,,,,,,,,,,$125,$75,THE CREATOR BUNDLE,Bundle,,,one-time-purchase,,cross-platform,built-in-templates; customizable-interface; data-import-export,,individual; small-business,epic-titles; film-frame-transitions; the-adobe-bundle; the-master-bundle,"",ahead,,,kg,,,active
the-creator-bundle,,,,,,,,,,,,,,,,,,,,,,,,,,,,,,,,https://cdn.shopify.com/s/files/1/0702/9915/6554/files/E9474460-32B8-48E3-9E3A-59911949E5D9_df0fe1cb-e7aa-4729-92b9-65ca6ffe2ea4.jpg?v=1776851709,2,"",,,,,,,,,,,,,,,,,,,,,,,,,,,,,,,,,,,
the-creator-bundle,,,,,,,,,,,,,,,,,,,,,,,,,,,,,,,,https://cdn.shopify.com/s/files/1/0702/9915/6554/files/D625A78E-C248-43EB-84DB-63DE092328C6_b54b2215-5ce8-436d-a558-94f8068fa4bf.jpg?v=1776851709,3,"",,,,,,,,,,,,,,,,,,,,,,,,,,,,,,,,,,,
the-creator-bundle,,,,,,,,,,,,,,,,,,,,,,,,,,,,,,,,https://cdn.shopify.com/s/files/1/0702/9915/6554/files/BA2AFE8D-CA5E-495F-ACDF-94E7E27612A3_5bcc4985-7294-40e3-9f83-c10099d794eb.jpg?v=1776851709,4,"",,,,,,,,,,,,,,,,,,,,,,,,,,,,,,,,,,,
the-creator-bundle,,,,,,,,,,,,,,,,,,,,,,,,,,,,,,,,https://cdn.shopify.com/s/files/1/0702/9915/6554/files/5ECC6DC7-2519-43F7-88B5-06EDC720C817_60cbb669-f580-4bc5-8bad-eb99ee71146b.jpg?v=1776851709,5,"",,,,,,,,,,,,,,,,,,,,,,,,,,,,,,,,,,,
the-creator-bundle,,,,,,,,,,,,,,,,,,,,,,,,,,,,,,,,https://cdn.shopify.com/s/files/1/0702/9915/6554/files/A2ED7F28-717C-446F-BD5E-EBAB42D34E64_b1026624-2aa8-422c-99fd-4e1bb488169a.jpg?v=1776851709,6,"",,,,,,,,,,,,,,,,,,,,,,,,,,,,,,,,,,,
the-creator-bundle,,,,,,,,,,,,,,,,,,,,,,,,,,,,,,,,https://cdn.shopify.com/s/files/1/0702/9915/6554/files/A87D0DCB-5898-4C48-8537-1C373C1FFA8D_22f3a1a7-47c3-4c78-b45f-0e0838204588.jpg?v=1776851709,7,"",,,,,,,,,,,,,,,,,,,,,,,,,,,,,,,,,,,
the-creator-bundle,,,,,,,,,,,,,,,,,,,,,,,,,,,,,,,,https://cdn.shopify.com/s/files/1/0702/9915/6554/files/Title_Showcase_Gif.gif?v=1776256867,8,"",,,,,,,,,,,,,,,,,,,,,,,,,,,,,,,,,,,
the-creator-bundle,,,,,,,,,,,,,,,,,,,,,,,,,,,,,,,,https://cdn.shopify.com/s/files/1/0702/9915/6554/files/Titles_Showcase_Gif_2.gif?v=1776264333,9,"",,,,,,,,,,,,,,,,,,,,,,,,,,,,,,,,,,,
the-creator-bundle,,,,,,,,,,,,,,,,,,,,,,,,,,,,,,,,https://cdn.shopify.com/s/files/1/0702/9915/6554/files/9960A5B8-EC72-4CB1-BF5E-F4352DF290D8.jpg?v=1776110794,10,"",,,,,,,,,,,,,,,,,,,,,,,,,,,,,,,,,,,
the-creator-bundle,,,,,,,,,,,,,,,,,,,,,,,,,,,,,,,,https://cdn.shopify.com/s/files/1/0702/9915/6554/files/E6C2A0FF-35C6-44CE-9812-598A54BE78FE.jpg?v=1776110794,11,"",,,,,,,,,,,,,,,,,,,,,,,,,,,,,,,,,,,
the-creator-bundle,,,,,,,,,,,,,,,,,,,,,,,,,,,,,,,,https://cdn.shopify.com/s/files/1/0702/9915/6554/files/ADFE6BA0-D914-4517-85BE-13CEE78C0C69.jpg?v=1776110794,12,"",,,,,,,,,,,,,,,,,,,,,,,,,,,,,,,,,,,
the-creator-bundle,,,,,,,,,,,,,,,,,,,,,,,,,,,,,,,,https://cdn.shopify.com/s/files/1/0702/9915/6554/files/44BD20BD-069A-4828-972F-E9F17EA479B7.jpg?v=1776110794,13,"",,,,,,,,,,,,,,,,,,,,,,,,,,,,,,,,,,,
the-creator-bundle,,,,,,,,,,,,,,,,,,,,,,,,,,,,,,,,https://cdn.shopify.com/s/files/1/0702/9915/6554/files/4.jpg?v=1776110559,14,"",,,,,,,,,,,,,,,,,,,,,,,,,,,,,,,,,,,
the-creator-bundle,,,,,,,,,,,,,,,,,,,,,,,,,,,,,,,,https://cdn.shopify.com/s/files/1/0702/9915/6554/files/Mattes_Eg_2.jpg?v=1776258430,15,"",,,,,,,,,,,,,,,,,,,,,,,,,,,,,,,,,,,
the-creator-bundle,,,,,,,,,,,,,,,,,,,,,,,,,,,,,,,,https://cdn.shopify.com/s/files/1/0702/9915/6554/files/11.jpg?v=1776110559,16,"",,,,,,,,,,,,,,,,,,,,,,,,,,,,,,,,,,,
the-creator-bundle,,,,,,,,,,,,,,,,,,,,,,,,,,,,,,,,https://cdn.shopify.com/s/files/1/0702/9915/6554/files/8.jpg?v=1776110559,17,"",,,,,,,,,,,,,,,,,,,,,,,,,,,,,,,,,,,
the-creator-bundle,,,,,,,,,,,,,,,,,,,,,,,,,,,,,,,,https://cdn.shopify.com/s/files/1/0702/9915/6554/files/7.jpg?v=1776110559,18,"",,,,,,,,,,,,,,,,,,,,,,,,,,,,,,,,,,,
the-creator-bundle,,,,,,,,,,,,,,,,,,,,,,,,,,,,,,,,https://cdn.shopify.com/s/files/1/0702/9915/6554/files/Mattes_Eg_1.jpg?v=1776258430,19,"",,,,,,,,,,,,,,,,,,,,,,,,,,,,,,,,,,,
the-creator-bundle,,,,,,,,,,,,,,,,,,,,,,,,,,,,,,,,https://cdn.shopify.com/s/files/1/0702/9915/6554/files/Sequence01_c67c14d0-0ffb-4bed-95a3-5fd968b404f8.gif?v=1776111349,20,"",,,,,,,,,,,,,,,,,,,,,,,,,,,,,,,,,,,
the-creator-bundle,,,,,,,,,,,,,,,,,,,,,,,,,,,,,,,,https://cdn.shopify.com/s/files/1/0702/9915/6554/files/Sequence01_1_4dccbe37-aa42-454a-a1ce-d614ee6dc707.gif?v=1776111360,21,"",,,,,,,,,,,,,,,,,,,,,,,,,,,,,,,,,,,
the-creator-bundle,,,,,,,,,,,,,,,,,,,,,,,,,,,,,,,,https://cdn.shopify.com/s/files/1/0702/9915/6554/files/E780C9A3-E2AF-4D67-AA50-4816D0D568C2.jpg?v=1776109871,22,"",,,,,,,,,,,,,,,,,,,,,,,,,,,,,,,,,,,
the-creator-bundle,,,,,,,,,,,,,,,,,,,,,,,,,,,,,,,,https://cdn.shopify.com/s/files/1/0702/9915/6554/files/E30FA8CC-1826-44E2-BA25-8A094716B8A3.jpg?v=1776109875,23,"",,,,,,,,,,,,,,,,,,,,,,,,,,,,,,,,,,,
the-creator-bundle,,,,,,,,,,,,,,,,,,,,,,,,,,,,,,,,https://cdn.shopify.com/s/files/1/0702/9915/6554/files/55FE03B4-E5AE-4E8D-ABB9-0B5080A63EA1.jpg?v=1776109871,24,"",,,,,,,,,,,,,,,,,,,,,,,,,,,,,,,,,,,
the-creator-bundle,,,,,,,,,,,,,,,,,,,,,,,,,,,,,,,,https://cdn.shopify.com/s/files/1/0702/9915/6554/files/31EC7C7C-62F1-4E05-9D9F-1582CC069183.jpg?v=1776109871,25,"",,,,,,,,,,,,,,,,,,,,,,,,,,,,,,,,,,,
the-adobe-bundle,The Adobe Bundle,"<p class=""p1"">This bundle includes <span class=""s1""><b>The GOAT LUT</b></span>, <span class=""s1""><b>The Candy LUT</b></span>, <span class=""s1""><b>Epic Titles</b></span> and the <span class=""s1""><b>Film Frame Transitions Pack. </b>F</span>our of my most popular filmmaking tools, combined to give your projects a cinematic, professional edge while <strong>saving big!</strong></p>
<p class=""p1"">These are the <span class=""s1"">exact creative tools</span> I use on my own productions; from <span class=""s1"">rich, stylized color grades</span> to <span class=""s1"">ready-to-drop motion titles</span> and <span class=""s1"">handcrafted drag-and-drop transitions.</span></p>
<p class=""p1"">Together, these digital assets will help you deliver <span class=""s1"">bold, dynamic visuals</span> that will <span class=""s1""><b>elevate your edits</b></span> and give your work that handcrafted, cinematic touch.</p>",KW PAX,Software > Computer Software > Multimedia & Design Software > Video Editing Software,"","",true,Title,Default Title,,,,,,,,,0.0,,-1,deny,manual,945.00,1814.00,false,false,,,,,"",https://cdn.shopify.com/s/files/1/0702/9915/6554/files/3.png?v=1776111564,1,"",false,Adobe Bundle - Premiere Pro LUTs Titles & Transitions Pack,"Adobe Premiere Pro bundle including Signature LUTs, transitions and titles. Built for fast, cinematic edits using Adobe workflows.",,,,,,,,,,,,$110,$60,The Adobe Bundle,Bundle,,,one-time-purchase,,cross-platform,built-in-templates; data-import-export,,individual; small-business,,,,,,kg,,,active
the-adobe-bundle,,,,,,,,,,,,,,,,,,,,,,,,,,,,,,,,https://cdn.shopify.com/s/files/1/0702/9915/6554/files/D625A78E-C248-43EB-84DB-63DE092328C6_cfe33ca0-50f0-42bd-a2e4-89cb73ef410d.jpg?v=1776851701,2,"",,,,,,,,,,,,,,,,,,,,,,,,,,,,,,,,,,,
the-adobe-bundle,,,,,,,,,,,,,,,,,,,,,,,,,,,,,,,,https://cdn.shopify.com/s/files/1/0702/9915/6554/files/BA2AFE8D-CA5E-495F-ACDF-94E7E27612A3_9c79d1de-9c05-4b21-ba5f-ce426ac6065e.jpg?v=1776851701,3,"",,,,,,,,,,,,,,,,,,,,,,,,,,,,,,,,,,,
the-adobe-bundle,,,,,,,,,,,,,,,,,,,,,,,,,,,,,,,,https://cdn.shopify.com/s/files/1/0702/9915/6554/files/E9474460-32B8-48E3-9E3A-59911949E5D9_4027e0e6-2be5-4fcd-b20f-365e30174078.jpg?v=1776851701,4,"",,,,,,,,,,,,,,,,,,,,,,,,,,,,,,,,,,,
the-adobe-bundle,,,,,,,,,,,,,,,,,,,,,,,,,,,,,,,,https://cdn.shopify.com/s/files/1/0702/9915/6554/files/5ECC6DC7-2519-43F7-88B5-06EDC720C817_fa461f43-1454-4838-bf75-44a3d3295226.jpg?v=1776851701,5,"",,,,,,,,,,,,,,,,,,,,,,,,,,,,,,,,,,,
the-adobe-bundle,,,,,,,,,,,,,,,,,,,,,,,,,,,,,,,,https://cdn.shopify.com/s/files/1/0702/9915/6554/files/137C3F46-DEDE-4F24-B251-B06299E7311C_bb38ea8c-0320-40c6-a47e-2afb99fa717b.jpg?v=1776851701,6,"",,,,,,,,,,,,,,,,,,,,,,,,,,,,,,,,,,,
the-adobe-bundle,,,,,,,,,,,,,,,,,,,,,,,,,,,,,,,,https://cdn.shopify.com/s/files/1/0702/9915/6554/files/A2ED7F28-717C-446F-BD5E-EBAB42D34E64_193b84e3-3658-4d6d-9f9a-71d0ec4e80d5.jpg?v=1776851701,7,"",,,,,,,,,,,,,,,,,,,,,,,,,,,,,,,,,,,
the-adobe-bundle,,,,,,,,,,,,,,,,,,,,,,,,,,,,,,,,https://cdn.shopify.com/s/files/1/0702/9915/6554/files/A87D0DCB-5898-4C48-8537-1C373C1FFA8D_95755409-07cc-498c-ab1f-5c2b0c53a33b.jpg?v=1776851701,8,"",,,,,,,,,,,,,,,,,,,,,,,,,,,,,,,,,,,
the-adobe-bundle,,,,,,,,,,,,,,,,,,,,,,,,,,,,,,,,https://cdn.shopify.com/s/files/1/0702/9915/6554/files/Sequence01.gif?v=1776110796,9,"",,,,,,,,,,,,,,,,,,,,,,,,,,,,,,,,,,,
the-adobe-bundle,,,,,,,,,,,,,,,,,,,,,,,,,,,,,,,,https://cdn.shopify.com/s/files/1/0702/9915/6554/files/9960A5B8-EC72-4CB1-BF5E-F4352DF290D8.jpg?v=1776110794,10,"",,,,,,,,,,,,,,,,,,,,,,,,,,,,,,,,,,,
the-adobe-bundle,,,,,,,,,,,,,,,,,,,,,,,,,,,,,,,,https://cdn.shopify.com/s/files/1/0702/9915/6554/files/5BE00FFE-0554-426B-BFEA-33EB78195D98.jpg?v=1776110794,11,"",,,,,,,,,,,,,,,,,,,,,,,,,,,,,,,,,,,
the-adobe-bundle,,,,,,,,,,,,,,,,,,,,,,,,,,,,,,,,https://cdn.shopify.com/s/files/1/0702/9915/6554/files/ADFE6BA0-D914-4517-85BE-13CEE78C0C69.jpg?v=1776110794,12,"",,,,,,,,,,,,,,,,,,,,,,,,,,,,,,,,,,,
the-adobe-bundle,,,,,,,,,,,,,,,,,,,,,,,,,,,,,,,,https://cdn.shopify.com/s/files/1/0702/9915/6554/files/44BD20BD-069A-4828-972F-E9F17EA479B7.jpg?v=1776110794,13,"",,,,,,,,,,,,,,,,,,,,,,,,,,,,,,,,,,,
the-adobe-bundle,,,,,,,,,,,,,,,,,,,,,,,,,,,,,,,,https://cdn.shopify.com/s/files/1/0702/9915/6554/files/E780C9A3-E2AF-4D67-AA50-4816D0D568C2.jpg?v=1776109871,14,"",,,,,,,,,,,,,,,,,,,,,,,,,,,,,,,,,,,
the-adobe-bundle,,,,,,,,,,,,,,,,,,,,,,,,,,,,,,,,https://cdn.shopify.com/s/files/1/0702/9915/6554/files/E30FA8CC-1826-44E2-BA25-8A094716B8A3.jpg?v=1776109875,15,"",,,,,,,,,,,,,,,,,,,,,,,,,,,,,,,,,,,
the-adobe-bundle,,,,,,,,,,,,,,,,,,,,,,,,,,,,,,,,https://cdn.shopify.com/s/files/1/0702/9915/6554/files/55FE03B4-E5AE-4E8D-ABB9-0B5080A63EA1.jpg?v=1776109871,16,"",,,,,,,,,,,,,,,,,,,,,,,,,,,,,,,,,,,
the-adobe-bundle,,,,,,,,,,,,,,,,,,,,,,,,,,,,,,,,https://cdn.shopify.com/s/files/1/0702/9915/6554/files/31EC7C7C-62F1-4E05-9D9F-1582CC069183.jpg?v=1776109871,17,"",,,,,,,,,,,,,,,,,,,,,,,,,,,,,,,,,,,
the-master-bundle,The Master Bundle,"<p class=""p1"">From color to motion to layout this bundle is a complete <strong>drag-and-drop toolkit!</strong></p>
<p class=""p1""><strong>The </strong><span class=""s1""><b>Master Bundle</b></span> pairs two versatile<strong> creative LUTs</strong> with my <span class=""s1""><b>Impact Overlays + Transitions</b></span> and <span class=""s1""><b>Split Screen Mattes</b></span>, so you can grade fast, cut with style, and design layouts that feel intentional.</p>",KW PAX,Software > Computer Software > Multimedia & Design Software > Video Editing Software,"","",true,Title,Default Title,,,,,,,,,0.0,,-8,deny,manual,878.00,1649.00,false,false,,,,,"",https://cdn.shopify.com/s/files/1/0702/9915/6554/files/2.png?v=1776111477,1,"",false,Master Bundle - Ultimate Video Editing Pack: LUTs Titles & Effects,"Complete cinematic toolkit including LUTs, overlays, transitions, titles and footage. Everything you need to create professional video content.",,,,,,,,,,,,$100,$55,THE MASTER BUNDLE,Bundle,,,one-time-purchase,,cross-platform,built-in-templates; customizable-interface; data-import-export,,individual; small-business,epic-titles; film-frame-transitions; the-adobe-bundle; the-creator-bundle,"",ahead,,,kg,,,active
the-master-bundle,,,,,,,,,,,,,,,,,,,,,,,,,,,,,,,,https://cdn.shopify.com/s/files/1/0702/9915/6554/files/E9474460-32B8-48E3-9E3A-59911949E5D9_f85bb082-d8bc-4f0e-be1b-3fc68ccc0091.jpg?v=1776851596,2,"",,,,,,,,,,,,,,,,,,,,,,,,,,,,,,,,,,,
the-master-bundle,,,,,,,,,,,,,,,,,,,,,,,,,,,,,,,,https://cdn.shopify.com/s/files/1/0702/9915/6554/files/D625A78E-C248-43EB-84DB-63DE092328C6.jpg?v=1776851596,3,"",,,,,,,,,,,,,,,,,,,,,,,,,,,,,,,,,,,
the-master-bundle,,,,,,,,,,,,,,,,,,,,,,,,,,,,,,,,https://cdn.shopify.com/s/files/1/0702/9915/6554/files/BA2AFE8D-CA5E-495F-ACDF-94E7E27612A3_0cccb9bb-1bef-4fc2-877c-5fe15333135b.jpg?v=1776851596,4,"",,,,,,,,,,,,,,,,,,,,,,,,,,,,,,,,,,,
the-master-bundle,,,,,,,,,,,,,,,,,,,,,,,,,,,,,,,,https://cdn.shopify.com/s/files/1/0702/9915/6554/files/5ECC6DC7-2519-43F7-88B5-06EDC720C817_5ecccd7f-ca72-44d3-856b-a87dfc928ef4.jpg?v=1776851596,5,"",,,,,,,,,,,,,,,,,,,,,,,,,,,,,,,,,,,
the-master-bundle,,,,,,,,,,,,,,,,,,,,,,,,,,,,,,,,https://cdn.shopify.com/s/files/1/0702/9915/6554/files/A87D0DCB-5898-4C48-8537-1C373C1FFA8D_308f0263-f462-4951-8d0c-7297e6ba02c3.jpg?v=1776851596,6,"",,,,,,,,,,,,,,,,,,,,,,,,,,,,,,,,,,,
the-master-bundle,,,,,,,,,,,,,,,,,,,,,,,,,,,,,,,,https://cdn.shopify.com/s/files/1/0702/9915/6554/files/A2ED7F28-717C-446F-BD5E-EBAB42D34E64_26d8f522-0eb1-4aa9-9669-d53e185f4f0a.jpg?v=1776851596,7,"",,,,,,,,,,,,,,,,,,,,,,,,,,,,,,,,,,,
the-master-bundle,,,,,,,,,,,,,,,,,,,,,,,,,,,,,,,,https://cdn.shopify.com/s/files/1/0702/9915/6554/files/Sequence01_c67c14d0-0ffb-4bed-95a3-5fd968b404f8.gif?v=1776111349,8,"",,,,,,,,,,,,,,,,,,,,,,,,,,,,,,,,,,,
the-master-bundle,,,,,,,,,,,,,,,,,,,,,,,,,,,,,,,,https://cdn.shopify.com/s/files/1/0702/9915/6554/files/Sequence01_1_4dccbe37-aa42-454a-a1ce-d614ee6dc707.gif?v=1776111360,9,"",,,,,,,,,,,,,,,,,,,,,,,,,,,,,,,,,,,
the-master-bundle,,,,,,,,,,,,,,,,,,,,,,,,,,,,,,,,https://cdn.shopify.com/s/files/1/0702/9915/6554/files/55FE03B4-E5AE-4E8D-ABB9-0B5080A63EA1.jpg?v=1776109871,10,"",,,,,,,,,,,,,,,,,,,,,,,,,,,,,,,,,,,
the-master-bundle,,,,,,,,,,,,,,,,,,,,,,,,,,,,,,,,https://cdn.shopify.com/s/files/1/0702/9915/6554/files/31EC7C7C-62F1-4E05-9D9F-1582CC069183.jpg?v=1776109871,11,"",,,,,,,,,,,,,,,,,,,,,,,,,,,,,,,,,,,
the-master-bundle,,,,,,,,,,,,,,,,,,,,,,,,,,,,,,,,https://cdn.shopify.com/s/files/1/0702/9915/6554/files/E780C9A3-E2AF-4D67-AA50-4816D0D568C2.jpg?v=1776109871,12,"",,,,,,,,,,,,,,,,,,,,,,,,,,,,,,,,,,,
the-master-bundle,,,,,,,,,,,,,,,,,,,,,,,,,,,,,,,,https://cdn.shopify.com/s/files/1/0702/9915/6554/files/Mattes_Eg_1.jpg?v=1776258430,13,"",,,,,,,,,,,,,,,,,,,,,,,,,,,,,,,,,,,
the-master-bundle,,,,,,,,,,,,,,,,,,,,,,,,,,,,,,,,https://cdn.shopify.com/s/files/1/0702/9915/6554/files/Mattes_Eg_2.jpg?v=1776258430,14,"",,,,,,,,,,,,,,,,,,,,,,,,,,,,,,,,,,,
the-master-bundle,,,,,,,,,,,,,,,,,,,,,,,,,,,,,,,,https://cdn.shopify.com/s/files/1/0702/9915/6554/files/Mattes_Eg_3.jpg?v=1776258430,15,"",,,,,,,,,,,,,,,,,,,,,,,,,,,,,,,,,,,
the-master-bundle,,,,,,,,,,,,,,,,,,,,,,,,,,,,,,,,https://cdn.shopify.com/s/files/1/0702/9915/6554/files/Mattes_Eg_4.jpg?v=1776258427,16,"",,,,,,,,,,,,,,,,,,,,,,,,,,,,,,,,,,,
impact-overlays-transitions-vol-1,Impact Overlays + Transitions Vol. 1,"<p class=""p1""><strong>50 </strong><span class=""s1""><b>handcrafted, </b>drag-and-drop transitions</span> plus a <span class=""s1""><b>40+ piece animated library</b></span> to give your 16:9 edits bold motion, gritty texture, and cinematic polish; fast. </p>
<p class=""p1"">These <span class=""s1"">drag-and-drop overlay transitions</span> give your edits bold motion, gritty texture, and cinematic polish in seconds; no plugins, no learning curve.</p>
<p class=""p1"">Aalternatively you can build your own looks from the included 40+ animated elements library for endless variations.</p>",KW PAX,Software > Computer Software > Multimedia & Design Software > Video Editing Software,"","",true,Title,Default Title,,,,,,,,,0.0,,0,deny,manual,393.00,,false,true,,,,,"",https://cdn.shopify.com/s/files/1/0702/9915/6554/files/overlay_nl.png?v=1776111019,1,"",false,"Impact Overlays & Transitions - 50 Video Effects Pack for Adobe Premiere Pro, Final Cut Pro and Da Vinci Resolve.","50 pre-built overlay transitions + 40 animated elements. Professional motion graphics for Adobe Premiere Pro, Final Cut Pro and Da Vinci Resolve.",,,,,,,,,,,,,$25,IMPACT OVERLAYS + TRANSITIONS,Overlay,,,one-time-purchase,,cross-platform,built-in-templates; customizable-interface,,individual; small-business,epic-titles; film-frame-transitions; the-adobe-bundle; the-master-bundle,"",ahead,,,kg,,,active
impact-overlays-transitions-vol-1,,,,,,,,,,,,,,,,,,,,,,,,,,,,,,,,https://cdn.shopify.com/s/files/1/0702/9915/6554/files/MATTEOVERLAY1.gif?v=1776111360,2,"",,,,,,,,,,,,,,,,,,,,,,,,,,,,,,,,,,,
impact-overlays-transitions-vol-1,,,,,,,,,,,,,,,,,,,,,,,,,,,,,,,,https://cdn.shopify.com/s/files/1/0702/9915/6554/files/Sequence01_12.gif?v=1776111360,3,"",,,,,,,,,,,,,,,,,,,,,,,,,,,,,,,,,,,
impact-overlays-transitions-vol-1,,,,,,,,,,,,,,,,,,,,,,,,,,,,,,,,https://cdn.shopify.com/s/files/1/0702/9915/6554/files/Sequence01_1_4dccbe37-aa42-454a-a1ce-d614ee6dc707.gif?v=1776111360,4,"",,,,,,,,,,,,,,,,,,,,,,,,,,,,,,,,,,,
impact-overlays-transitions-vol-1,,,,,,,,,,,,,,,,,,,,,,,,,,,,,,,,https://cdn.shopify.com/s/files/1/0702/9915/6554/files/MATTE3.gif?v=1776111360,5,"",,,,,,,,,,,,,,,,,,,,,,,,,,,,,,,,,,,
impact-overlays-transitions-vol-1,,,,,,,,,,,,,,,,,,,,,,,,,,,,,,,,https://cdn.shopify.com/s/files/1/0702/9915/6554/files/ICONS_SHAPES.gif?v=1776111360,6,"",,,,,,,,,,,,,,,,,,,,,,,,,,,,,,,,,,,
impact-overlays-transitions-vol-1,,,,,,,,,,,,,,,,,,,,,,,,,,,,,,,,https://cdn.shopify.com/s/files/1/0702/9915/6554/files/MATTEOVERLAY2.gif?v=1776111360,7,"",,,,,,,,,,,,,,,,,,,,,,,,,,,,,,,,,,,
impact-overlays-transitions-vol-1,,,,,,,,,,,,,,,,,,,,,,,,,,,,,,,,https://cdn.shopify.com/s/files/1/0702/9915/6554/files/MATTE1.gif?v=1776111360,8,"",,,,,,,,,,,,,,,,,,,,,,,,,,,,,,,,,,,
impact-overlays-transitions-vol-1,,,,,,,,,,,,,,,,,,,,,,,,,,,,,,,,https://cdn.shopify.com/s/files/1/0702/9915/6554/files/Sequence01_c67c14d0-0ffb-4bed-95a3-5fd968b404f8.gif?v=1776111349,9,"",,,,,,,,,,,,,,,,,,,,,,,,,,,,,,,,,,,
epic-titles,Epic Titles,"<p>Create bold, modern, animated titles with this cinematic title pack for <strong>Adobe</strong> <strong>Premiere Pro </strong>and <strong>DaVinci Resolve.</strong></p>
<p class=""p1"">Each title is built with <span class=""s1"">professional typography</span>, <span class=""s1"">seamless animations</span>, and <span class=""s1"">precision timing</span> so your edit feels polished the moment you drop it in. No complicated setup, just <span class=""s1""><b>drag, drop, customize, and go</b></span>.</p>",KW PAX,Software > Computer Software > Multimedia & Design Software > Video Editing Software,"","",true,Title,Default Title,,,,,,,,,0.0,,-1,deny,manual,393.00,,false,true,,,,,"",https://cdn.shopify.com/s/files/1/0702/9915/6554/files/titles_nl.png?v=1776110703,1,"",false,Epic Titles - 28 Animated Title Templates for Premiere Pro & Da Vinci Resolve,Professional animated title templates for Adobe Premiere Pro & DaVinci Resolve. 4K UHD with alpha. 28 templates + 14 icon graphics. Instant download.,,,,,,,,,,,,,$25,EPIC TITLES PACK,Titles,,,one-time-purchase,,windows; macos,built-in-templates; customizable-interface,,individual; small-business; medium-sized-business-enterprise,film-frame-transitions; premium-footage-50-clips; the-candy-lut; the-goat-lut,"",ahead,,,kg,,,active
epic-titles,,,,,,,,,,,,,,,,,,,,,,,,,,,,,,,,https://cdn.shopify.com/s/files/1/0702/9915/6554/files/Sequence01.gif?v=1776110796,2,"",,,,,,,,,,,,,,,,,,,,,,,,,,,,,,,,,,,
epic-titles,,,,,,,,,,,,,,,,,,,,,,,,,,,,,,,,https://cdn.shopify.com/s/files/1/0702/9915/6554/files/9960A5B8-EC72-4CB1-BF5E-F4352DF290D8.jpg?v=1776110794,3,"",,,,,,,,,,,,,,,,,,,,,,,,,,,,,,,,,,,
epic-titles,,,,,,,,,,,,,,,,,,,,,,,,,,,,,,,,https://cdn.shopify.com/s/files/1/0702/9915/6554/files/44BD20BD-069A-4828-972F-E9F17EA479B7.jpg?v=1776110794,4,"",,,,,,,,,,,,,,,,,,,,,,,,,,,,,,,,,,,
epic-titles,,,,,,,,,,,,,,,,,,,,,,,,,,,,,,,,https://cdn.shopify.com/s/files/1/0702/9915/6554/files/5BE00FFE-0554-426B-BFEA-33EB78195D98.jpg?v=1776110794,5,"",,,,,,,,,,,,,,,,,,,,,,,,,,,,,,,,,,,
epic-titles,,,,,,,,,,,,,,,,,,,,,,,,,,,,,,,,https://cdn.shopify.com/s/files/1/0702/9915/6554/files/ADFE6BA0-D914-4517-85BE-13CEE78C0C69.jpg?v=1776110794,6,"",,,,,,,,,,,,,,,,,,,,,,,,,,,,,,,,,,,
epic-titles,,,,,,,,,,,,,,,,,,,,,,,,,,,,,,,,https://cdn.shopify.com/s/files/1/0702/9915/6554/files/Sequence01.00_00_35_08.Still052.jpg?v=1776110794,7,"",,,,,,,,,,,,,,,,,,,,,,,,,,,,,,,,,,,
epic-titles,,,,,,,,,,,,,,,,,,,,,,,,,,,,,,,,https://cdn.shopify.com/s/files/1/0702/9915/6554/files/Sequence01.00_00_39_13.Still049.jpg?v=1776110794,8,"",,,,,,,,,,,,,,,,,,,,,,,,,,,,,,,,,,,
epic-titles,,,,,,,,,,,,,,,,,,,,,,,,,,,,,,,,https://cdn.shopify.com/s/files/1/0702/9915/6554/files/M1-MASTER-Simplified-Simplified.00_00_09_09.Still001.jpg?v=1776110796,9,"",,,,,,,,,,,,,,,,,,,,,,,,,,,,,,,,,,,
epic-titles,,,,,,,,,,,,,,,,,,,,,,,,,,,,,,,,https://cdn.shopify.com/s/files/1/0702/9915/6554/files/SDVDFV.jpg?v=1776110794,10,"",,,,,,,,,,,,,,,,,,,,,,,,,,,,,,,,,,,
film-frame-transitions,Film Frame Transitions,"<p><strong>Film Frame Transitions</strong> gives you over 50 handcrafted, drag-and-drop transitions for <strong>Adobe Premiere Pro,</strong>designed for speed, versatility, and maximum impact.</p>",KW PAX,Software > Computer Software > Multimedia & Design Software > Video Editing Software,"","",true,Title,Default Title,,,,,,,,,0.0,,0,deny,manual,393.00,,false,true,,,,,"",https://cdn.shopify.com/s/files/1/0702/9915/6554/files/trans_nl.png?v=1776110394,1,"",false,Film Frame Transitions - 52 MOGRT Templates for Adobe Premiere Pro,52 drag-and-drop film frame transitions for Adobe Premiere Pro. MOGRT files with built-in SFX,,,,,,,,,,,,,$25,FILM FRAME TRANSITIONS,Transitions,,,one-time-purchase,,windows; macos,built-in-templates; customizable-interface,,individual; small-business; medium-sized-business-enterprise,epic-titles; the-adobe-bundle; the-candy-lut; the-goat-lut,"",ahead,,,kg,,,active
split-screen-mattes-vol-1,Split Screen Mattes Vol.1,"<p>I’m proud to release this handcrafted <strong>Split Screen Mattes Vol. 1 </strong>a collection of digital framing tools designed to instantly give your footage a stylized, cinematic aesthetic.</p>
<p>Both styles are available in<span> </span><strong>horizontal and vertical formats</strong>, giving you maximum flexibility no matter what platform or orientation you’re working in. </p>
<p>These are the exact mattes I use in my own professional work—they’ve been designed to be simple, drag-and-drop tools that save you time while giving your footage an intentional, artful finish.<strong></strong></p>",KW PAX,Software > Computer Software > Multimedia & Design Software > Video Editing Software,"","",true,Title,Default Title,,,,,,,,,0.0,,0,deny,manual,236.00,,false,true,,,,,"",https://cdn.shopify.com/s/files/1/0702/9915/6554/files/splitscreen_nl.png?v=1776110175,1,"",false,Split Screen Mattes - 30 Film Frame Templates for Video Editing,"30 professional split-screen mattes in 4K. Horizontal & vertical formats for Adobe Premiere Pro, Final Cut Pro and Da Vinci Resolve.",,,,,,,,,,,,,$15,SPLIT SCREEN MATTES,Film Mattes,,,,,,,,,epic-titles; film-frame-transitions; the-candy-lut; the-goat-lut,"",ahead,,,kg,,,active
split-screen-mattes-vol-1,,,,,,,,,,,,,,,,,,,,,,,,,,,,,,,,https://cdn.shopify.com/s/files/1/0702/9915/6554/files/3.jpg?v=1776110559,2,"",,,,,,,,,,,,,,,,,,,,,,,,,,,,,,,,,,,
split-screen-mattes-vol-1,,,,,,,,,,,,,,,,,,,,,,,,,,,,,,,,https://cdn.shopify.com/s/files/1/0702/9915/6554/files/4.jpg?v=1776110559,3,"",,,,,,,,,,,,,,,,,,,,,,,,,,,,,,,,,,,
split-screen-mattes-vol-1,,,,,,,,,,,,,,,,,,,,,,,,,,,,,,,,https://cdn.shopify.com/s/files/1/0702/9915/6554/files/7.jpg?v=1776110559,4,"",,,,,,,,,,,,,,,,,,,,,,,,,,,,,,,,,,,
split-screen-mattes-vol-1,,,,,,,,,,,,,,,,,,,,,,,,,,,,,,,,https://cdn.shopify.com/s/files/1/0702/9915/6554/files/8.jpg?v=1776110559,5,"",,,,,,,,,,,,,,,,,,,,,,,,,,,,,,,,,,,
split-screen-mattes-vol-1,,,,,,,,,,,,,,,,,,,,,,,,,,,,,,,,https://cdn.shopify.com/s/files/1/0702/9915/6554/files/11.jpg?v=1776110559,6,"",,,,,,,,,,,,,,,,,,,,,,,,,,,,,,,,,,,
split-screen-mattes-vol-1,,,,,,,,,,,,,,,,,,,,,,,,,,,,,,,,https://cdn.shopify.com/s/files/1/0702/9915/6554/files/13.jpg?v=1776110559,7,"",,,,,,,,,,,,,,,,,,,,,,,,,,,,,,,,,,,
the-candy-lut,The Candy LUT,"<p class=""p1"">After the success of the <span class=""s1""><b>GOAT LUT</b></span>, this is the next look I’ve been reaching for, the <span class=""s1""><b>Candy LUT</b></span>.</p>
<p class=""p1"">It gives you <span class=""s1"">rich and bold colour</span> withnatural skin tones.</p>
<p class=""p2"">I use it across <span class=""s1""><b>music videos</b></span>, <span class=""s1""><b>fashion content</b></span>, and <span class=""s1""><b>commercial work</b></span> where the image needs to feel polished but not over-processed.</p>",KW PAX,Software > Computer Software > Multimedia & Design Software > Video Editing Software,"","",true,Title,Default Title,,,,,,,,,0.0,,-5,deny,manual,393.00,,false,true,,,,,"",https://cdn.shopify.com/s/files/1/0702/9915/6554/files/black_and_white_modern_gaming_esport_player_youtube_banner.png?v=1776109849,1,"",false,The Candy LUT - Vibrant Cinematic Color Grading for Video,"Professional color grading LUT with vibrant tones & glowing skin. Compatible with Premiere Pro, Da Vinci Resolve and Premiere Pro.",,,,,,,,,,,,,$25,The Candy Lut,LUT,,,,,,,,,epic-titles; film-frame-transitions; the-adobe-bundle; the-goat-lut,"",ahead,,,kg,,,active
the-candy-lut,,,,,,,,,,,,,,,,,,,,,,,,,,,,,,,,https://cdn.shopify.com/s/files/1/0702/9915/6554/files/1FA401FB-88D5-467C-AB1C-172E7C45AB9E.jpg?v=1776109871,2,"",,,,,,,,,,,,,,,,,,,,,,,,,,,,,,,,,,,
the-candy-lut,,,,,,,,,,,,,,,,,,,,,,,,,,,,,,,,https://cdn.shopify.com/s/files/1/0702/9915/6554/files/31EC7C7C-62F1-4E05-9D9F-1582CC069183.jpg?v=1776109871,3,"",,,,,,,,,,,,,,,,,,,,,,,,,,,,,,,,,,,
the-candy-lut,,,,,,,,,,,,,,,,,,,,,,,,,,,,,,,,https://cdn.shopify.com/s/files/1/0702/9915/6554/files/55FE03B4-E5AE-4E8D-ABB9-0B5080A63EA1.jpg?v=1776109871,4,"",,,,,,,,,,,,,,,,,,,,,,,,,,,,,,,,,,,
the-candy-lut,,,,,,,,,,,,,,,,,,,,,,,,,,,,,,,,https://cdn.shopify.com/s/files/1/0702/9915/6554/files/E780C9A3-E2AF-4D67-AA50-4816D0D568C2.jpg?v=1776109871,5,"",,,,,,,,,,,,,,,,,,,,,,,,,,,,,,,,,,,
the-candy-lut,,,,,,,,,,,,,,,,,,,,,,,,,,,,,,,,https://cdn.shopify.com/s/files/1/0702/9915/6554/files/E30FA8CC-1826-44E2-BA25-8A094716B8A3.jpg?v=1776109875,6,"",,,,,,,,,,,,,,,,,,,,,,,,,,,,,,,,,,,
the-goat-lut,The GOAT LUT,"<p class=""p1"">This is the look! <strong>My</strong><span class=""s1""><b> go-to Creative LUT</b></span> and <span class=""s1""><b>signature color grade</b></span> that has defined the style and emotion of so many music videos I’ve shot over the years.</p>
<p class=""p3""><span class=""s2"">Used on projects for </span>major artists and record labels across the world<span class=""s2"">, the </span>GOAT LUT<span class=""s2""> delivers that unmistakable punch. B</span>old, rich tones, and cinematic depth<span class=""s2""> in every frame.</span></p>
<p class=""p3""><span class=""s2"">It just works. </span>Indoors or outdoors, day or night<span class=""s2"">, it gives every shot the same </span>filmic polish<span class=""s2""> <strong>I’ve </strong></span><strong>trusted for years<span class=""s2"">.</span></strong></p>",KW PAX,Software > Computer Software > Multimedia & Design Software > Video Editing Software,"","",true,Title,Default Title,,,,,,,,,0.0,,-9,deny,manual,553.00,,false,false,,,,,"",https://cdn.shopify.com/s/files/1/0702/9915/6554/files/goat_nl.png?v=1776106206,1,"",false,The GOAT LUT - Signature creative LUT for Film & Music Videos,"Signature creative LUT for Premiere Pro, DaVinci Resolve and Final Cut Pro. Includes Rec709 conversion LUTs and premium 4K footage. Built from real-world music video projects.",,,,,,,,,,,,,$35,The Goat LUT,LUT,,,one-time-purchase,,cross-platform,built-in-templates,,individual; small-business; medium-sized-business-enterprise,epic-titles; the-adobe-bundle; the-candy-lut; the-master-bundle,"",ahead,,,kg,,,active
the-goat-lut,,,,,,,,,,,,,,,,,,,,,,,,,,,,,,,,https://cdn.shopify.com/s/files/1/0702/9915/6554/files/The_GOAT_LUT.jpg?v=1776106347,2,Before and after comparison showing color grading transformation using Goat LUT cinematic preset,,,,,,,,,,,,,,,,,,,,,,,,,,,,,,,,,,,
the-goat-lut,,,,,,,,,,,,,,,,,,,,,,,,,,,,,,,,https://cdn.shopify.com/s/files/1/0702/9915/6554/files/E9474460-32B8-48E3-9E3A-59911949E5D9.jpg?v=1776106069,3,Before and after comparison showing color grading transformation using Goat LUT cinematic preset,,,,,,,,,,,,,,,,,,,,,,,,,,,,,,,,,,,
the-goat-lut,,,,,,,,,,,,,,,,,,,,,,,,,,,,,,,,https://cdn.shopify.com/s/files/1/0702/9915/6554/files/5ECC6DC7-2519-43F7-88B5-06EDC720C817.jpg?v=1776106070,4,Before and after comparison showing color grading transformation using Goat LUT cinematic preset,,,,,,,,,,,,,,,,,,,,,,,,,,,,,,,,,,,
the-goat-lut,,,,,,,,,,,,,,,,,,,,,,,,,,,,,,,,https://cdn.shopify.com/s/files/1/0702/9915/6554/files/BA2AFE8D-CA5E-495F-ACDF-94E7E27612A3.jpg?v=1776106070,5,Before and after comparison showing color grading transformation using Goat LUT cinematic preset,,,,,,,,,,,,,,,,,,,,,,,,,,,,,,,,,,,
the-goat-lut,,,,,,,,,,,,,,,,,,,,,,,,,,,,,,,,https://cdn.shopify.com/s/files/1/0702/9915/6554/files/A87D0DCB-5898-4C48-8537-1C373C1FFA8D.jpg?v=1776106069,6,Before and after comparison showing color grading transformation using Goat LUT cinematic preset,,,,,,,,,,,,,,,,,,,,,,,,,,,,,,,,,,,
the-goat-lut,,,,,,,,,,,,,,,,,,,,,,,,,,,,,,,,https://cdn.shopify.com/s/files/1/0702/9915/6554/files/137C3F46-DEDE-4F24-B251-B06299E7311C.jpg?v=1776106069,7,Before and after comparison showing color grading transformation using Goat LUT cinematic preset,,,,,,,,,,,,,,,,,,,,,,,,,,,,,,,,,,,
the-goat-lut,,,,,,,,,,,,,,,,,,,,,,,,,,,,,,,,https://cdn.shopify.com/s/files/1/0702/9915/6554/files/ACE74661-4751-442A-A047-562BA0D1D561.jpg?v=1776106070,8,Before and after comparison showing color grading transformation using Goat LUT cinematic preset,,,,,,,,,,,,,,,,,,,,,,,,,,,,,,,,,,,
the-goat-lut,,,,,,,,,,,,,,,,,,,,,,,,,,,,,,,,https://cdn.shopify.com/s/files/1/0702/9915/6554/files/A2ED7F28-717C-446F-BD5E-EBAB42D34E64.jpg?v=1776106319,9,Before and after comparison showing color grading transformation using Goat LUT cinematic preset,,,,,,,,,,,,,,,,,,,,,,,,,,,,,,,,,,,
the-goat-lut,,,,,,,,,,,,,,,,,,,,,,,,,,,,,,,,https://cdn.shopify.com/s/files/1/0702/9915/6554/files/5395D408-977A-46BD-95EF-4AAE3EC01A87.jpg?v=1776106319,10,Before and after comparison showing color grading transformation using Goat LUT cinematic preset,,,,,,,,,,,,,,,,,,,,,,,,,,,,,,,,,,,
the-goat-lut,,,,,,,,,,,,,,,,,,,,,,,,,,,,,,,,https://cdn.shopify.com/s/files/1/0702/9915/6554/files/616B6470-C70C-4DA5-88B1-1E1F7C14C2D0.jpg?v=1776106319,11,Before and after comparison showing color grading transformation using Goat LUT cinematic preset,,,,,,,,,,,,,,,,,,,,,,,,,,,,,,,,,,,
the-goat-lut,,,,,,,,,,,,,,,,,,,,,,,,,,,,,,,,https://cdn.shopify.com/s/files/1/0702/9915/6554/files/7B717B58-4C95-42E6-A99B-40D2F2FF6598.jpg?v=1776106319,12,Before and after comparison showing color grading transformation using Goat LUT cinematic preset,,,,,,,,,,,,,,,,,,,,,,,,,,,,,,,,,,,
